id,name,price(₹),manufacturer_name,pack_size_label,short_composition1,short_composition2,use0,use1,Consolidated_Side_Effects,,,,,,,,,,,,,,
1,Augmentin 625 Duo Tablet,223.42,Glaxo SmithKline Pharmaceuticals Ltd,strip of 10 tablets,Amoxycillin  (500mg),Clavulanic Acid (125mg),Treatment of Bacterial infections,,"Vomiting, Nausea, Diarrhea",,,,,,,,,,,,,,
2,Azithral 500 Tablet,132.36,Alembic Pharmaceuticals Ltd,strip of 5 tablets,Azithromycin (500mg),,Treatment of Bacterial infections,,"Vomiting, Nausea, Abdominal pain, Diarrhea",,,,,,,,,,,,,,
3,Ascoril LS Syrup,118,Glenmark Pharmaceuticals Ltd,bottle of 100 ml Syrup,Ambroxol (30mg/5ml),Levosalbutamol (1mg/5ml),Treatment of Cough with mucus,,"Nausea, Vomiting, Diarrhea, Upset stomach, Stomach pain, Allergic reaction, Dizziness, Headache, Rash, Hives, Tremors, Palpitations, Muscle cramp, Increased heart rate",,,,,,,,,,,,,,
4,Allegra 120mg Tablet,218.81,Sanofi India  Ltd,strip of 10 tablets,Fexofenadine (120mg),,Treatment of Sneezing and runny nose due to allergies,Treatment of Allergic conditions,"Headache, Drowsiness, Dizziness, Nausea",,,,,,,,,,,,,,
4,Allegra 120mg Tablet,218.81,Sanofi India  Ltd,strip of 10 tablets,Fexofenadine (120mg),,Treatment of Sneezing and runny nose due to allergies,Treatment of Allergic conditions,"Headache, Drowsiness, Dizziness, Nausea",,,,,,,,,,,,,,
5,Avil 25 Tablet,10.96,Sanofi India  Ltd,strip of 15 tablets,Pheniramine (25mg),,Treatment of Allergic conditions,,"Sleepiness, Dryness in mouth",,,,,,,,,,,,,,
6,Allegra-M Tablet,241.48,Sanofi India  Ltd,strip of 10 tablets,Montelukast (10mg),Fexofenadine (120mg),Treatment of Sneezing and runny nose due to allergies,,"Nausea, Diarrhea, Vomiting, Skin rash, Flu-like symptoms, Headache, Drowsiness, Dizziness",,,,,,,,,,,,,,
7,Amoxyclav 625 Tablet,223.27,Abbott,strip of 10 tablets,Amoxycillin  (500mg),Clavulanic Acid (125mg),Treatment of Bacterial infections,,"Vomiting, Nausea, Diarrhea",,,,,,,,,,,,,,
8,Azee 500 Tablet,132.38,Cipla Ltd,strip of 5 tablets,Azithromycin (500mg),,Treatment of Bacterial infections,,"Vomiting, Nausea, Abdominal pain, Diarrhea",,,,,,,,,,,,,,
9,Atarax 25mg Tablet,85.5,Dr Reddy's Laboratories Ltd,strip of 15 tablets,Hydroxyzine (25mg),,Treatment of Anxiety,Treatment of Skin conditions with inflammation & itching,"Sedation, Nausea, Vomiting, Upset stomach, Constipation",,,,,,,,,,,,,,
10,Ascoril D Plus Syrup Sugar Free,129,Glenmark Pharmaceuticals Ltd,bottle of 100 ml Syrup,Phenylephrine (5mg),Chlorpheniramine Maleate (2mg),Treatment of Dry cough,,"Nausea, Vomiting, Loss of appetite, Headache",,,,,,,,,,,,,,
11,Aciloc 150 Tablet,40.94,Cadila Pharmaceuticals Ltd,strip of 30 tablets,Ranitidine (150mg),,Treatment of Gastroesophageal reflux disease (Acid reflux),Treatment of Peptic ulcer disease,"Headache, Diarrhea, Gastrointestinal disturbance",,,,,,,,,,,,,,
12,Alex Syrup,129,Glenmark Pharmaceuticals Ltd,bottle of 100 ml Syrup,Phenylephrine (5mg/5ml),Chlorpheniramine Maleate (2mg/5ml),Treatment of Dry cough,,"Nausea, Vomiting, Loss of appetite, Headache",,,,,,,,,,,,,,
13,Anovate Cream,134.2,USV Ltd,tube of 20 gm Cream,Phenylephrine (0.10% w/w),Beclometasone (0.025% w/w),Treatment of Piles,,"Application site reactions (burning, irritation, itching and redness)",,,,,,,,,,,,,,
14,Augmentin Duo Oral Suspension,67.2,Glaxo SmithKline Pharmaceuticals Ltd,bottle of 30 ml Oral Suspension,Amoxycillin  (200mg),Clavulanic Acid (28.5mg),Treatment of Resistance Tuberculosis (TB),Treatment of Bacterial infections,"Nausea, Vomiting, Abdominal pain, Diarrhea, Allergy, Skin rash",,,,,,,,,,,,,,
15,Ambrodil-S Syrup,30.2,Aristo Pharmaceuticals Pvt Ltd,bottle of 100 ml Syrup,Ambroxol (15mg/5ml),Salbutamol (1mg/5ml),Treatment of Cough,,"Headache, Palpitations, Upset stomach, Tremors, Muscle cramp, Allergic reaction, Increased heart rate",,,,,,,,,,,,,,
16,Arkamin Tablet,72.65,Torrent Pharmaceuticals Ltd,strip of 30 tablets,Clonidine (100mcg),,Treatment of Hypertension (high blood pressure),,"Dizziness, Dryness in mouth, Headache, Nausea, Fatigue, Orthostatic hypotension (sudden lowering of blood pressure on standing), Erectile dysfunction, Enlarged salivary gland",,,,,,,,,,,,,,
17,Avomine Tablet,55.98,Abbott,strip of 10 tablets,Promethazine (25mg),,Treatment of Nausea,Treatment of Vomiting,Unusual production of breast milk in women and men,,,,,,,,,,,,,,
18,Asthakind-DX Syrup Sugar Free,70.4,Mankind Pharma Ltd,bottle of 60 ml Syrup,Phenylephrine (5mg/5ml),Chlorpheniramine Maleate (2mg/5ml),Treatment of Dry cough,,"Nausea, Vomiting, Loss of appetite, Headache",,,,,,,,,,,,,,
19,Allegra 180mg Tablet,251.2,Sanofi India  Ltd,strip of 10 tablets,Fexofenadine (180mg),,Treatment of Sneezing and runny nose due to allergies,Treatment of Allergic conditions,"Headache, Drowsiness, Dizziness, Nausea",,,,,,,,,,,,,,
20,Albendazole 400mg Tablet,9.58,Cadila Pharmaceuticals Ltd,strip of 1 Tablet,Albendazole (400mg),,Treatment of Parasitic infections,,"Vomiting, Dizziness, Increased liver enzymes, Nausea, Loss of appetite",,,,,,,,,,,,,,
21,Asthalin Syrup,19.04,Cipla Ltd,bottle of 100 ml Syrup,Salbutamol (2mg/5ml),,Treatment of Chronic obstructive pulmonary disease (COPD),,"Tremors, Headache, Palpitations, Increased heart rate, Muscle cramp",,,,,,,,,,,,,,
22,Alprax 0.25 Tablet,29,Torrent Pharmaceuticals Ltd,strip of 15 tablets,Alprazolam (0.25mg),,Treatment of Anxiety,Treatment of Panic disorder,"Lightheadedness, Drowsiness",,,,,,,,,,,,,,
23,Altraday Capsule SR,128,FALSE,Sun Pharmaceutical Industries Ltd,allopathy,strip of 10 capsule sr,Aceclofenac (200mg),Rabeprazole (20mg),Krd AR 200mg/20mg Capsule SR,Rient-A Capsule SR,Rabispan-AC Capsule SR,Douxrab Ace 200mg/20mg Capsule SR,Rabewan AC 200mg/20mg Capsule SR,"Nausea, Flatulence, Indigestion, Diarrhea, Constipation",Pain relief,,,,,,No,PAIN ANALGESICS,
24,Ativan 2mg Tablet,91.87,FALSE,Pfizer Ltd,allopathy,strip of 30 tablets,Lorazepam (2mg),,Zepnap 2mg Tablet,Lorel 2mg Tablet,Texina 2mg Tablet,Larpose 2mg Tablet,Zelor 2mg Tablet,"Fatigue, Balance disorder (loss of balance), Dizziness, Sleepiness",Treatment of Short term anxiety,Treatment of Anxiety disorder,,,,Benzodiazepines Derivative,Yes,RESPIRATORY,Benzodiazepines
25,Ascoril LS Junior Syrup,96,FALSE,Glenmark Pharmaceuticals Ltd,allopathy,bottle of 60 ml Syrup,Ambroxol (15mg/5ml),Levosalbutamol (0.5mg/5ml),Bronkolyte Levo PD Syrup,Nakuf LS Syrup,Cleartuss LS Syrup,Chericof-LS Junior Syrup,Ventiphylline LS Junior Syrup,"Nausea, Vomiting, Diarrhea, Upset stomach, Stomach pain, Allergic reaction, Dizziness, Headache, Rash, Hives, Tremors, Palpitations, Muscle cramp, Increased heart rate",Treatment of Cough with mucus,,,,,,No,RESPIRATORY,
26,Asthalin 100mcg Inhaler,157.85,FALSE,Cipla Ltd,allopathy,packet of 200 MDI Inhaler,Salbutamol (100mcg),,RHEOLIN 100 MCG INHALER,Ventorlin Inhaler CFC Free,Bronkonat 100mcg Inhaler,Durasal Breathaler 100mcg Inhaler,Asthavent 100mcg Inhaler,"Tachycardia, Tremors, Headache, Palpitations, Increased heart rate, Muscle cramp",Treatment of Chronic obstructive pulmonary disease (COPD),,,,,Benzyl Alcohols Derivatives,No,RESPIRATORY,Short acting β2-agonists
27,Almox 500 Capsule,80.26,FALSE,Alkem Laboratories Ltd,allopathy,strip of 10 capsules,Amoxycillin (500mg),,Tormoxin 500mg Capsule,Cipmox 500 Capsule,Tidoxyl 500mg Capsule,Actimox 500mg Capsule,SB Mox 500mg Capsule,"Rash, Vomiting, Allergic reaction, Nausea, Diarrhea",Treatment of Bacterial infections,,,,,Aminopenicillins Penicillins,No,ANTI INFECTIVES,Cell wall active agent -Extended spectrum Penicillin
27,Almox 500 Capsule,80.26,FALSE,Alkem Laboratories Ltd,allopathy,strip of 10 capsules,Amoxycillin (500mg),,Tormoxin 500mg Capsule,Cipmox 500 Capsule,Tidoxyl 500mg Capsule,Actimox 500mg Capsule,SB Mox 500mg Capsule,"Rash, Vomiting, Allergic reaction, Nausea, Diarrhea",Treatment of Bacterial infections,,,,,Aminopenicillins {Penicillins},No,ANTI INFECTIVES,Cell wall active agent -Extended spectrum Penicillin
28,Atarax 10mg Tablet,47.91,FALSE,Dr Reddy's Laboratories Ltd,allopathy,strip of 15 tablets,Hydroxyzine (10mg),,Evall 10mg Tablet,Hydil 10mg Tablet,Stoprax 10mg Tablet,Hynorax 10mg Tablet,Hydrobal 10 Tablet,"Sedation, Nausea, Vomiting, Upset stomach, Constipation",Treatment of Anxiety,Treatment of Skin conditions with inflammation & itching,,,,Piperazine Derivative,No,RESPIRATORY,H1 Antihistaminics (First Generation)
29,Aciloc RD 20 Tablet,77,FALSE,Cadila Pharmaceuticals Ltd,allopathy,strip of 15 tablets,Domperidone (10mg),Omeprazole (20mg),Zydero 10mg/20mg Tablet,Try DM 10mg/20mg Tablet,Omtro D 10mg/20mg Tablet,Prazowel D 10mg/20mg Tablet,Ospicid D 10mg/20mg Tablet,"Diarrhea, Stomach pain, Dryness in mouth, Headache, Flatulence",Treatment of Gastroesophageal reflux disease (Acid reflux),Treatment of Peptic ulcer disease,,,,,No,GASTRO INTESTINAL,
30,Aldactone Tablet,35.35,FALSE,RPG Life Sciences Ltd,allopathy,strip of 15 tablets,Spironolactone (25mg),,Aldobloc 25mg Tablet,Spirix 25mg Tablet,Spiromax 25mg Tablet,Spirolact 25mg Tablet,Spironot 25 Tablet,"Nausea, Vomiting, Leg cramps, Dizziness, Drowsiness, Confusion, Breast enlargement in male, Increased creatinine level in blood",Hypertension (high blood pressure),Edema,Low potassium,Heart failure,,Potassium sparing diuretics,No,CARDIAC,Potassium- sparing Diuretics
31,Allegra Suspension Raspberry & Vanilla,188.78,FALSE,Sanofi India  Ltd,allopathy,bottle of 100 ml Oral Suspension,Fexofenadine (30mg/5ml),,Fexovis 30mg Oral Suspension,Fextric Oral Suspension,Fexonix Oral Suspension,Fext Oral Suspension,Xaria Kidz Oral Suspension Mango,"Headache, Drowsiness, Dizziness, Nausea",Treatment of Sneezing and runny nose due to allergies,Treatment of Allergic conditions,,,,Diphenylmethane Derivative,No,RESPIRATORY,H1 Antihistaminics (second Generation)
32,Atarax Syrup,110.25,TRUE,Dr Reddy's Laboratories Ltd,allopathy,bottle of 100 ml Syrup,Hydroxyzine (10mg),,Hydil 10mg Syrup,Pru 10mg Syrup,Hedosat 10mg Syrup,Livrox 10mg Syrup,Anzine 10mg Syrup,"Sedation, Nausea, Vomiting, Upset stomach, Constipation",Treatment of Anxiety,Treatment of Skin conditions with inflammation & itching,,,,Piperazine Derivative,No,RESPIRATORY,H1 Antihistaminics (First Generation)
33,Amlokind-AT Tablet,44.7,FALSE,Mankind Pharma Ltd,allopathy,strip of 15 tablets,Amlodipine (5mg),Atenolol (50mg),Biopress AM Tablet,Lupidip-A Tablet,Amlip AT Tablet,Amlovas-AT Tablet,Amdepin-AT Tablet,"Sleepiness, Headache, Ankle swelling, Flushing (sense of warmth in the face, ears, neck and trunk), Slow heart rate, Palpitations, Nausea, Edema (swelling), Constipation, Tiredness, Cold extremities",Treatment of Hypertension (high blood pressure),,,,,,No,CARDIAC,
34,Axcer  90mg Tablet,420,FALSE,Sun Pharmaceutical Industries Ltd,allopathy,strip of 14 tablets,Ticagrelor (90mg),,Tikacad 90 Tablet,Brigrel Tablet,Xygrel 90 Tablet,Ticastro 90 Tablet,Ticavic 90 Tablet,"Bleeding, Breathlessness",Prevention of heart attack and stroke,,,,,Triazolopyrimidines,No,BLOOD RELATED,P2Y12 inhibitors (ADP receptor)
35,Ativan 1mg Tablet,75.67,FALSE,Pfizer Ltd,allopathy,strip of 30 tablets,Lorazepam (1mg),,Lzepam 1mg Tablet,Lopam 1mg Tablet,Zepnap 1mg Tablet,Lorel 1mg Tablet,Larpose 1mg Tablet,"Dizziness, Weakness, Sedation, Balance disorder (loss of balance)",Treatment of Short term anxiety,Treatment of Anxiety disorder,,,,Benzodiazepines Derivative,Yes,RESPIRATORY,Benzodiazepines
36,Alkasol Oral Solution,122.05,TRUE,Stadmed Pvt Ltd,allopathy,bottle of 100 ml Oral Solution,Disodium Hydrogen Citrate (1.4gm/5ml),,Uridol Oral Solution,,,,,"Stomach pain, Tiredness, Diarrhea, Nausea, Vomiting, Frequent urge to urinate",Treatment of Gout,Treatment of Kidney stone,,,,Carboxylic acid derivative,No,UROLOGY,Uricosuric agent-gout
37,Aldigesic P 100mg/325mg Tablet,110,FALSE,Alkem Laboratories Ltd,allopathy,strip of 15 tablets,Aceclofenac (100mg),Paracetamol (325mg),Dolostat PC 100 mg/325 mg Tablet,Acimol 100 mg/325 mg Tablet,Topnac P Tablet,Arflur-P Tablet,Ark-AP Tablet,"Nausea, Vomiting, Stomach pain/epigastric pain, Loss of appetite, Heartburn, Diarrhea",Pain relief,,,,,,No,PAIN ANALGESICS,
38,Alfoo 10mg Tablet PR,687.75,FALSE,Dr Reddy's Laboratories Ltd,allopathy,strip of 30 Tablet pr,Alfuzosin (10mg),,DavaIndia Alfuzosin 10mg Tablet PR,Alfucal 10mg Tablet PR,Alfugress Tablet PR,Emzosin Tablet PR,Zyalfa Tablet PR,"Upper respiratory tract infection, Dizziness, Headache, Nausea, Abdominal pain, Impotence",Treatment of Benign prostatic hyperplasia,,,,,Quinazoline Derivative,No,UROLOGY,Uroselective adrenergic receptor(α1a) antagonist
39,Alprax 0.5mg Tablet,66.9,FALSE,Torrent Pharmaceuticals Ltd,allopathy,strip of 15 tablets,Alprazolam (0.5mg),,Alprasafe 0.5mg Tablet,Alparazole 0.5mg Tablet,Alprazol 0.5mg Tablet,Texidep 0.5mg Tablet,Zolipax 0.5mg Tablet,"Lightheadedness, Drowsiness",Treatment of Anxiety,Treatment of Panic disorder,,,,Benzodiazepines Derivative,Yes,NEURO CNS,Benzodiazepines
40,Arachitol 6L Injection,407.76,FALSE,Abbott,allopathy,packet of 6 injections,Vitamin D3 (600000IU),,Sychitol 600000IU Injection,Devita 600000IU Injection,Huch D3 Injection,Dvital 600000IU Injection,Gen-D3 600000IU Injection,"Injection site reactions (pain, swelling, redness), Weakness, Muscle pain, Metallic taste",Treatment of Vitamin D deficiency,Treatment of Osteoporosis,,,,Vitamin D Derivative [cholecalciferol],No,VITAMINS MINERALS NUTRIENTS,Vitamins
41,Anafortan 25 mg/300 mg Tablet,124.56,FALSE,Abbott,allopathy,strip of 15 tablets,Camylofin (25mg),Paracetamol (300mg),Carespas CP 25mg/300mg Tablet,Camyfyl 25mg/300mg Tablet,Cyclobid CP 25mg/300mg Tablet,Camylyn-P Tablet,Cyclobrex CP 25mg/300mg Tablet,"Dryness in mouth, Constipation, Blurred vision, Increased heart rate",Treatment of Abdominal pain,,,,,,No,GASTRO INTESTINAL,
42,Alex Junior Syrup,95,FALSE,Glenmark Pharmaceuticals Ltd,allopathy,bottle of 60 ml Syrup,Chlorpheniramine Maleate (2mg/5ml),Dextromethorphan Hydrobromide (5mg/5ml),Kuffery-DMR Junior Syrup,Rizet DX Jr Syrup Kiwi,Irinil D Syrup,Dexgen Syrup,Abrotus DX Junior Syrup,"Upset stomach, Sleepiness",Treatment of Dry cough,,,,,,No,RESPIRATORY,
43,Azithral 200 Liquid,57.25,FALSE,Alembic Pharmaceuticals Ltd,allopathy,bottle of 15 ml Oral Suspension,Azithromycin (200mg/5ml),,Azam 200 Oral Suspension,Spazit Suspension,Azimox 200mg Oral Suspension,Uber 200 Oral Suspension,Azee 200mg Dry Syrup,"Vomiting, Nausea, Abdominal pain, Diarrhea",Treatment of Bacterial infections,,,,,Macrolides,No,ANTI INFECTIVES,Macrolides
44,AB Phylline Capsule,162,FALSE,Sun Pharmaceutical Industries Ltd,allopathy,strip of 10 capsules,Acebrophylline (100mg),,Broncocet ACB Capsule,Broncofil 100mg Capsule,Bronet 100mg Capsule,Axeldox 100 Capsule,Ambrodil-XP Capsule,"Nausea, Headache, Vomiting, Upset stomach, Restlessness",Chronic obstructive pulmonary disease (COPD),,,,,Xanthinic Derivatives,No,RESPIRATORY,Theophylline & its derivatives
45,Althrocin 500 Tablet,110.3,FALSE,Alembic Pharmaceuticals Ltd,allopathy,strip of 10 tablets,Erythromycin (500mg),,Erythromycin Estol 500mg Tablet,Eryster 500mg Tablet,Eltocin 500mg Tablet,Erytho 500mg Tablet,Elucin 500mg Tablet,"Vomiting, Nausea, Abdominal pain, Diarrhea",Treatment of Bacterial infections,,,,,Macrolides,No,ANTI INFECTIVES,Macrolides
46,Augmentin DDS Suspension,173,FALSE,Glaxo SmithKline Pharmaceuticals Ltd,allopathy,bottle of 30 ml Oral Suspension,Amoxycillin  (400mg/5ml),Clavulanic Acid (57mg/5ml),Bactoclav DS 457 Dry Syrup,Extclav-DS Dry Syrup,Clavio-DS Oral Suspension,Medgud-CV Forte Dry Syrup,Clomaxin-DS Dry Syrup,"Nausea, Vomiting, Abdominal pain, Diarrhea, Allergy, Skin rash",Treatment of Resistant Tuberculosis (TB),Treatment of Bacterial infections,,,,,No,ANTI INFECTIVES,
47,Azicip 500 Tablet,79.43,FALSE,Cipla Ltd,allopathy,strip of 3 tablets,Azithromycin (500mg),,Zithrocare 500mg Tablet,Azax 500 Tablet,Zady 500 Tablet,Cazithro 500mg Tablet,Trulimax 500mg Tablet,"Vomiting, Nausea, Abdominal pain, Diarrhea",Treatment of Bacterial infections,,,,,Macrolides,No,ANTI INFECTIVES,Macrolides
48,Aldigesic-SP Tablet,120,FALSE,Alkem Laboratories Ltd,allopathy,strip of 10 tablets,Aceclofenac (100mg),Paracetamol (325mg),Asozen SR Plus 100mg/325mg/10mg Tablet,Accept-SP Tablet,Combifenac SP 100mg/325mg/10mg Tablet,Aceloflam SP Tablet,Parofen-S Tablet,"Nausea, Vomiting, Stomach pain, Indigestion, Heartburn, Loss of appetite, Diarrhea",Pain relief,,,,,,No,PAIN ANALGESICS,
49,Amoxycillin 500mg Capsule,31.9,TRUE,Jagsonpal Pharmaceuticals Ltd,allopathy,strip of 10 capsules,Amoxycillin (500mg),,Tormoxin 500mg Capsule,Cipmox 500 Capsule,Tidoxyl 500mg Capsule,Actimox 500mg Capsule,SB Mox 500mg Capsule,"Rash, Vomiting, Allergic reaction, Nausea, Diarrhea",Treatment of Bacterial infections,,,,,Aminopenicillins {Penicillins},No,ANTI INFECTIVES,Cell wall active agent -Extended spectrum Penicillin
50,Asthakind Expectorant Sugar Free,64.22,FALSE,Mankind Pharma Ltd,allopathy,bottle of 60 ml Expectorant,Guaifenesin (50mg),Terbutaline (1.25mg),Eascof  Expectorant,Ventoranz Cough Expectorant,Eledyl SF Expectorant,Ascoril SF Expectorant,,"Nausea, Diarrhea, Bloating, Indigestion, Vomiting, Stomach pain, Sweating, Dizziness, Headache, Skin rash, Hives, Tremors, Increased heart rate",Treatment of Cough with mucus,,,,,,No,RESPIRATORY,
51,Acemiz Plus Tablet,99.5,FALSE,Lupin Ltd,allopathy,strip of 10 tablets,Aceclofenac (100mg),Paracetamol (325mg),Dolostat PC 100 mg/325 mg Tablet,Acimol 100 mg/325 mg Tablet,Topnac P Tablet,Arflur-P Tablet,Acenext P 100mg/325mg Tablet,"Nausea, Vomiting, Stomach pain/epigastric pain, Loss of appetite, Heartburn, Diarrhea",Pain relief,,,,,,No,PAIN ANALGESICS,
52,Aceclo Plus Tablet,90.85,FALSE,Aristo Pharmaceuticals Pvt Ltd,allopathy,strip of 15 tablets,Aceclofenac (100mg),Paracetamol (325mg),Dolostat PC 100 mg/325 mg Tablet,Acimol 100 mg/325 mg Tablet,Topnac P Tablet,Arflur-P Tablet,Acenext P 100mg/325mg Tablet,"Nausea, Vomiting, Stomach pain/epigastric pain, Loss of appetite, Heartburn, Diarrhea",Pain relief,,,,,,No,PAIN ANALGESICS,
53,Anobliss Cream,136.68,FALSE,Samarth Life Sciences Pvt Ltd,allopathy,tube of 30 gm Rectal Cream,Lidocaine (1.5% w/w),Nifedipine (0.3% w/w),Nifedip LA  Cream,Anozest Cream,Anomed L Cream,Anorelief Cream,Escot Cream,Anal irritation,Treatment of Anal fissure,,,,,,No,PAIN ANALGESICS,
54,Alex Cough Lozenges Lemon Ginger,108,FALSE,Glenmark Pharmaceuticals Ltd,allopathy,strip of 10 lozenges,Dextromethorphan Hydrobromide (5mg),,CHERICOF 5MG LOZENGES,Tossex D 5mg Lozenges,,,,"Sleepiness, Dizziness, Confusion, Nausea",Dry cough,,,,,Methyl Analog of Dextrorphan,No,RESPIRATORY,Cough suppressants
55,Asthalin Respules,7.07,FALSE,Cipla Ltd,allopathy,packet of 2.5 ml Respules,Salbutamol (2.5mg),,Derihaler 2.5mg Respules,Asthavent 2.5mg Respules,Axamol 2.5mg Respules 2.5ml,Pneumasal 2.5mg Respules (2.5ml Each),,"Tachycardia, Tremors, Headache, Palpitations, Increased heart rate, Muscle cramp",Treatment of Chronic obstructive pulmonary disease (COPD),,,,,Benzyl Alcohols Derivatives,No,RESPIRATORY,Short acting β2-agonists
56,Avil Injection,21.17,FALSE,Sanofi India  Ltd,allopathy,vial of 10 ml Injection,Pheniramine (22.75mg),,Nicophen 22.75mg Injection,Instavil 22.75mg Injection,Eurovil 22.75mg Injection,Kayphen 22.75mg Injection,,"Sleepiness, Dryness in mouth",Treatment of Allergic conditions,,,,,Pyridines Derivatives,No,RESPIRATORY,H1 Antihistaminics (First Generation)
57,Azee 200mg Dry Syrup,52.31,FALSE,Cipla Ltd,allopathy,bottle of 15 ml Oral Suspension,Azithromycin (200mg/5ml),,Azam 200 Oral Suspension,Spazit Suspension,Azimox 200mg Oral Suspension,Uber 200 Oral Suspension,Azmo 200mg Oral Suspension,"Vomiting, Nausea, Abdominal pain, Diarrhea",Treatment of Bacterial infections,,,,,Macrolides,No,ANTI INFECTIVES,Macrolides
58,Atorva Tablet,102.31,FALSE,Zydus Cadila,allopathy,strip of 15 tablets,Atorvastatin (10mg),,Atorast 10mg Tablet,Zivast 10 Tablet,Storvas 10 Tablet,Tonact 10 Tablet,Atorlip 10 Tablet,"Dyspepsia, Abdominal pain, Indigestion, Diarrhea, Joint pain, Nasopharyngitis (inflammation of the throat and nasal passages), Nausea, Pain in extremities, Urinary tract infection, Abnormal liver function tests",High cholesterol,Prevention of Heart attack,,,,Pyrrole & heptanoic acid derivative,No,CARDIAC,HMG CoA inhibitors (statins)
59,Asthakind-LS Expectorant Cola Sugar Free,93.5,FALSE,Mankind Pharma Ltd,allopathy,bottle of 100 ml Expectorant,Ambroxol (30mg/5ml),Levosalbutamol (1mg/5ml),Tarific Expectorant,Nakuf LS+ SF Expectorant Cherry Sugar Free,Piritexyl-LS SF Expectorant,Tuspel LS 1 Expectorant,Macbery LS Expectorant Sugar Free,"Nausea, Vomiting, Diarrhea, Upset stomach, Stomach pain, Allergic reaction, Dizziness, Headache, Rash, Hives, Tremors, Palpitations, Muscle cramp, Increased heart rate",Treatment of Cough with mucus,,,,,,No,RESPIRATORY,
60,Ascoril LS Drops,72,FALSE,Glenmark Pharmaceuticals Ltd,allopathy,bottle of 15 ml Oral Drops,Ambroxol (7.5mg/ml),Levosalbutamol (0.25mg/ml),Usal LS Drops,Levokof Oral Drops,Coffact-S Drop,Nosicold LS Oral Drops,Zerotuss XP Drop,"Vomiting, Diarrhea, Excessive salivation, Fatigue, Headache, Dizziness, Rash, Numbness of extremity, Nausea, Increased heart rate, Stomach discomfort, Palpitations, Tremors, Muscle cramp",Acute Sore throat,Treatment of Cough with mucus,,,,,No,RESPIRATORY,
61,Azmarda 50mg Tablet,1092.03,FALSE,J B Chemicals and Pharmaceuticals Ltd,allopathy,strip of 14 tablets,Sacubitril (24mg),Valsartan (26mg),Sacutan 50 Tablet,Sacurise 50 Tablet,Arney 50 Tablet,Sacuval 50 Tablet,Sacu-V 50 Tablet,"Dizziness, Increased potassium level in blood, Fatigue, Hypotension (low blood pressure)",Treatment of Heart failure,,,,,,No,CARDIAC,
62,Amixide-H Tablet,51,FALSE,Sun Pharmaceutical Industries Ltd,allopathy,strip of 10 tablets,Amitriptyline (12.5mg),Chlordiazepoxide (5mg),Trixide-H Tablet,Emotrip 12.5 mg/5 mg Tablet,Aculip H 12.5mg/5mg Tablet,Trixide 12.5 mg/5 mg Tablet,Kimitrip 12.5mg/5mg Tablet,"Constipation, Difficulty in urination, Weight gain, Confusion, Orthostatic hypotension (sudden lowering of blood pressure on standing), Tiredness, Blurred vision, Dryness in mouth, Increased heart rate, Uncoordinated body movements, Depression, Memory impairment",Treatment of Depression,,,,,,Yes,NEURO CNS,
63,AB-Flo-N Tablet,207.25,FALSE,Lupin Ltd,allopathy,strip of 10 tablets,Acebrophylline (100mg),Acetylcysteine (600mg),Oxydex Tablet,Pulmotol Tablet,Amucoe Nac Tablet,Aphyren-N Tablet,Asmasafe-N Tablet,"Vomiting, Heartburn, Stomach pain, Upset stomach, Rash, Hives, Itching, Breathing problems, Nasal inflammation, Increased white blood cell count",Treatment of Chronic obstructive pulmonary disease (COPD),,,,,,No,RESPIRATORY,
64,AF Kit Tablet,110,FALSE,Systopic Laboratories Pvt Ltd,allopathy,strip of 4 tablets,Azithromycin (1000mg),Ornidazole (750mg),Afo Kit 1000 mg/750 mg/150 mg Tablet,Femiriv 3 Kit Tablet,Vaginobact 1000 mg/750 mg/150 mg Tablet,,,"Taste change, Vomiting, Headache, Dizziness, Stomach pain, Nausea, Indigestion, Diarrhea, Loss of appetite",Treatment of Syndromic treatment of vaginal discharge,,,,,,No,GYNAECOLOGICAL,
65,Amlokind 5 Tablet,22.15,FALSE,Mankind Pharma Ltd,allopathy,strip of 15 tablets,Amlodipine (5mg),,Amset 5mg Tablet,Amlip 5 Tablet,Avacard 5mg Tablet,Amcard 5 Tablet,Amlong Tablet,"Headache, Fatigue, Nausea, Abdominal pain, Sleepiness",Treatment of Hypertension (high blood pressure),Prevention of Angina (heart-related chest pain),,,,Dihydropyridinecarboxylic acids derivatives,No,CARDIAC,Calcium channel blockers- Dihydropyridines (DHP)
66,Amlong Tablet,48.55,FALSE,Micro Labs Ltd,allopathy,strip of 15 tablets,Amlodipine (5mg),,Amset 5mg Tablet,Amlip 5 Tablet,Avacard 5mg Tablet,Amcard 5 Tablet,Camlodip 5mg Tablet,"Headache, Fatigue, Nausea, Abdominal pain, Sleepiness",Treatment of Hypertension (high blood pressure),Prevention of Angina (heart-related chest pain),,,,Dihydropyridinecarboxylic acids derivatives,No,CARDIAC,Calcium channel blockers- Dihydropyridines (DHP)
67,Akt 4 Kit,24.7,FALSE,Lupin Ltd,allopathy,packet of 1 Kit,Isoniazid (300mg),Rifampicin (450mg),RF 4 Kit,Anticox 4 Kit,4D Kit,Afb 4 Kit,CAVICIN E KIT,"Nausea, Vomiting, Rash, Fever, Dark colored urine, Sweating, Increased sputum production, Salivation, Watery eyes, Peripheral neuropathy (tingling and numbness of feet and hand), Increased liver enzymes, Jaundice, Increased uric acid level in blood, Visual impairment",Treatment of Tuberculosis (TB),,,,,,No,ANTI INFECTIVES,
68,Ascoril D Junior Cough Syrup,98,FALSE,Glenmark Pharmaceuticals Ltd,allopathy,bottle of 60 ml Syrup,Phenylephrine (5mg/5ml),Chlorpheniramine Maleate (2mg/5ml),Alkof Junior Syrup,Respicure-D Syrup,Chericof Syrup,Respicure-D Syrup,Ataqued Syrup,"Nausea, Vomiting, Loss of appetite, Headache",Treatment of Dry cough,,,,,,No,RESPIRATORY,