id,name,price(₹),manufacturer_name,pack_size_label,short_composition1,short_composition2,use0,use1,Consolidated_Side_Effects,image
1,Augmentin 625 Duo Tablet,223.42,Glaxo SmithKline Pharmaceuticals Ltd,strip of 10 tablets,Amoxycillin  (500mg),Clavulanic Acid (125mg),Treatment of Bacterial infections,,"Vomiting, Nausea, Diarrhea","https://onemg.gumlet.io/l_watermark_346,w_480,h_480/a_ignore,w_480,h_480,c_fit,q_auto,f_auto/wy2y9bdipmh6rgkrj0zm.jpg"
2,Azithral 500 Tablet,132.36,Alembic Pharmaceuticals Ltd,strip of 5 tablets,Azithromycin (500mg),,Treatment of Bacterial infections,,"Vomiting, Nausea, Abdominal pain, Diarrhea","https://onemg.gumlet.io/l_watermark_346,w_480,h_480/a_ignore,w_480,h_480,c_fit,q_auto,f_auto/cropped/kqkouvaqejbyk47dvjfu.jpg"
3,Ascoril LS Syrup,118,Glenmark Pharmaceuticals Ltd,bottle of 100 ml Syrup,Ambroxol (30mg/5ml),Levosalbutamol (1mg/5ml),Treatment of Cough with mucus,,"Nausea, Vomiting, Diarrhea, Upset stomach, Stomach pain, Allergic reaction, Dizziness, Headache, Rash, Hives, Tremors, Palpitations, Muscle cramp, Increased heart rate","https://onemg.gumlet.io/l_watermark_346,w_480,h_480/a_ignore,w_480,h_480,c_fit,q_auto,f_auto/3205599cc49d4073ae66cbb0dbfded86.jpg"
4,Allegra 120mg Tablet,218.81,Sanofi India  Ltd,strip of 10 tablets,Fexofenadine (120mg),,Treatment of Sneezing and runny nose due to allergies,Treatment of Allergic conditions,"Headache, Drowsiness, Dizziness, Nausea","https://onemg.gumlet.io/l_watermark_346,w_480,h_480/a_ignore,w_480,h_480,c_fit,q_auto,f_auto/fa7427131ec64163b5bbafb529df0736.jpg"
4,Allegra 120mg Tablet,218.81,Sanofi India  Ltd,strip of 10 tablets,Fexofenadine (120mg),,Treatment of Sneezing and runny nose due to allergies,Treatment of Allergic conditions,"Headache, Drowsiness, Dizziness, Nausea","https://onemg.gumlet.io/l_watermark_346,w_480,h_480/a_ignore,w_480,h_480,c_fit,q_auto,f_auto/fa7427131ec64163b5bbafb529df0736.jpg"
5,Avil 25 Tablet,10.96,Sanofi India  Ltd,strip of 15 tablets,Pheniramine (25mg),,Treatment of Allergic conditions,,"Sleepiness, Dryness in mouth","https://onemg.gumlet.io/l_watermark_346,w_480,h_480/a_ignore,w_480,h_480,c_fit,q_auto,f_auto/cropped/mmsye6bf97tkcocat24j.jpg"
6,Allegra-M Tablet,241.48,Sanofi India  Ltd,strip of 10 tablets,Montelukast (10mg),Fexofenadine (120mg),Treatment of Sneezing and runny nose due to allergies,,"Nausea, Diarrhea, Vomiting, Skin rash, Flu-like symptoms, Headache, Drowsiness, Dizziness","https://onemg.gumlet.io/l_watermark_346,w_480,h_480/a_ignore,w_480,h_480,c_fit,q_auto,f_auto/cropped/eh4vt8l9fuo4nvx3qwif.jpg"
7,Amoxyclav 625 Tablet,223.27,Abbott,strip of 10 tablets,Amoxycillin  (500mg),Clavulanic Acid (125mg),Treatment of Bacterial infections,,"Vomiting, Nausea, Diarrhea","https://onemg.gumlet.io/l_watermark_346,w_480,h_480/a_ignore,w_480,h_480,c_fit,q_auto,f_auto/acaa6608e016456f9cafcca2156ad3de.jpg"
8,Azee 500 Tablet,132.38,Cipla Ltd,strip of 5 tablets,Azithromycin (500mg),,Treatment of Bacterial infections,,"Vomiting, Nausea, Abdominal pain, Diarrhea","https://onemg.gumlet.io/l_watermark_346,w_480,h_480,a_ignore,w_480,h_480,c_fit,q_auto,f_auto/cropped/jbpnjvst3ph0xnrq199o.jpg"
9,Atarax 25mg Tablet,85.5,Dr Reddy's Laboratories Ltd,strip of 15 tablets,Hydroxyzine (25mg),,Treatment of Anxiety,Treatment of Skin conditions with inflammation & itching,"Sedation, Nausea, Vomiting, Upset stomach, Constipation","https://onemg.gumlet.io/l_watermark_346,w_480,h_480/a_ignore,w_480,h_480,c_fit,q_auto,f_auto/cropped/v9py58kciridvbi7bqls.jpg"
10,Ascoril D Plus Syrup Sugar Free,129,Glenmark Pharmaceuticals Ltd,bottle of 100 ml Syrup,Phenylephrine (5mg),Chlorpheniramine Maleate (2mg),Treatment of Dry cough,,"Nausea, Vomiting, Loss of appetite, Headache","https://onemg.gumlet.io/l_watermark_346,w_480,h_480/a_ignore,w_480,h_480,c_fit,q_auto,f_auto/9fe5ed4f4fce4eaea6588d2ce60115ec.jpg"
11,Aciloc 150 Tablet,40.94,Cadila Pharmaceuticals Ltd,strip of 30 tablets,Ranitidine (150mg),,Treatment of Gastroesophageal reflux disease (Acid reflux),Treatment of Peptic ulcer disease,"Headache, Diarrhea, Gastrointestinal disturbance","https://onemg.gumlet.io/l_watermark_346,w_480,h_480/a_ignore,w_480,h_480,c_fit,q_auto,f_auto/cropped/pn7apngctvrtweencwi1.jpg"
12,Alex Syrup,129,Glenmark Pharmaceuticals Ltd,bottle of 100 ml Syrup,Phenylephrine (5mg/5ml),Chlorpheniramine Maleate (2mg/5ml),Treatment of Dry cough,,"Nausea, Vomiting, Loss of appetite, Headache","https://onemg.gumlet.io/l_watermark_346,w_480,h_480/a_ignore,w_480,h_480,c_fit,q_auto,f_auto/mqdfwomjrjv3lvlq08ae.jpg"
13,Anovate Cream,134.2,USV Ltd,tube of 20 gm Cream,Phenylephrine (0.10% w/w),Beclometasone (0.025% w/w),Treatment of Piles,,"Application site reactions (burning, irritation, itching and redness)","https://onemg.gumlet.io/l_watermark_346,w_480,h_480/a_ignore,w_480,h_480,c_fit,q_auto,f_auto/cropped/gnsem6ircqxmwmjkprkw.jpg"
14,Augmentin Duo Oral Suspension,67.2,Glaxo SmithKline Pharmaceuticals Ltd,bottle of 30 ml Oral Suspension,Amoxycillin  (200mg),Clavulanic Acid (28.5mg),Treatment of Resistance Tuberculosis (TB),Treatment of Bacterial infections,"Nausea, Vomiting, Abdominal pain, Diarrhea, Allergy, Skin rash","https://onemg.gumlet.io/l_watermark_346,w_480,h_480/a_ignore,w_480,h_480,c_fit,q_auto,f_auto/cropped/hg4gkjmjrg9956tqtmoz.jpg"
15,Ambrodil-S Syrup,30.2,Aristo Pharmaceuticals Pvt Ltd,bottle of 100 ml Syrup,Ambroxol (15mg/5ml),Salbutamol (1mg/5ml),Treatment of Cough,,"Headache, Palpitations, Upset stomach, Tremors, Muscle cramp, Allergic reaction, Increased heart rate","https://onemg.gumlet.io/l_watermark_346,w_480,h_480,a_ignore,w_480,h_480,c_fit,q_auto,f_auto/c25660f6b3f2447ea4666a0780982a3f.jpg"
16,Arkamin Tablet,72.65,Torrent Pharmaceuticals Ltd,strip of 30 tablets,Clonidine (100mcg),,Treatment of Hypertension (high blood pressure),,"Dizziness, Dryness in mouth, Headache, Nausea, Fatigue, Orthostatic hypotension (sudden lowering of blood pressure on standing), Erectile dysfunction, Enlarged salivary gland","https://onemg.gumlet.io/l_watermark_346,w_480,h_480/a_ignore,w_480,h_480,c_fit,q_auto,f_auto/cropped/kvdgswy8eyzkwmulwlyf.jpg"
18,Asthakind-DX Syrup Sugar Free,70.4,Mankind Pharma Ltd,bottle of 60 ml Syrup,Phenylephrine (5mg/5ml),Chlorpheniramine Maleate (2mg/5ml),Treatment of Dry cough,,"Nausea, Vomiting, Loss of appetite, Headache","https://onemg.gumlet.io/l_watermark_346,w_480,h_480,a_ignore,w_480,h_480,c_fit,q_auto,f_auto/769827d9bf334847a74374b4af97921a.jpg"
19,Allegra 180mg Tablet,251.2,Sanofi India  Ltd,strip of 10 tablets,Fexofenadine (180mg),,Treatment of Sneezing and runny nose due to allergies,Treatment of Allergic conditions,"Headache, Drowsiness, Dizziness, Nausea","https://onemg.gumlet.io/l_watermark_346,w_480,h_480/a_ignore,w_480,h_480,c_fit,q_auto,f_auto/6103f02e6df148fda2a8fd6e87008179.jpg"
20,Albendazole 400mg Tablet,9.58,Cadila Pharmaceuticals Ltd,strip of 1 Tablet,Albendazole (400mg),,Treatment of Parasitic infections,,"Vomiting, Dizziness, Increased liver enzymes, Nausea, Loss of appetite","https://onemg.gumlet.io/l_watermark_346,w_480,h_480/a_ignore,w_480,h_480,c_fit,q_auto,f_auto/c3f704ec89504863915d4433a19d0014.jpg"
21,Asthalin Syrup,19.04,Cipla Ltd,bottle of 100 ml Syrup,Salbutamol (2mg/5ml),,Treatment of Chronic obstructive pulmonary disease (COPD),,"Tremors, Headache, Palpitations, Increased heart rate, Muscle cramp","https://onemg.gumlet.io/l_watermark_346,w_480,h_480,a_ignore,w_480,h_480,c_fit,q_auto,f_auto/45fbf90154794c7dae0630d5c201f368.jpg"
23,Altraday Capsule SR,128,Sun Pharmaceutical Industries Ltd,strip of 10 capsule sr,Aceclofenac (200mg),Rabeprazole (20mg),Pain relief,,"Nausea, Flatulence, Indigestion, Diarrhea, Constipation","https://onemg.gumlet.io/l_watermark_346,w_480,h_480/a_ignore,w_480,h_480,c_fit,q_auto,f_auto/cropped/ahmbxmi2bd1wiojpxqld.jpg"
25,Ascoril LS Junior Syrup,96,Glenmark Pharmaceuticals Ltd,bottle of 60 ml Syrup,Ambroxol (15mg/5ml),Levosalbutamol (0.5mg/5ml),Treatment of Cough with mucus,,"Nausea, Vomiting, Diarrhea, Upset stomach, Stomach pain, Allergic reaction, Dizziness, Headache, Rash, Hives, Tremors, Palpitations, Muscle cramp, Increased heart rate","https://onemg.gumlet.io/l_watermark_346,w_480,h_480,a_ignore,w_480,h_480,c_fit,q_auto,f_auto/cropped/r22ftufqfbkaxevlo6wn.jpg"
26,Asthalin 100mcg Inhaler,157.85,Cipla Ltd,packet of 200 MDI Inhaler,Salbutamol (100mcg),,Treatment of Chronic obstructive pulmonary disease (COPD),,"Tachycardia, Tremors, Headache, Palpitations, Increased heart rate, Muscle cramp","https://onemg.gumlet.io/l_watermark_346,w_480,h_480,a_ignore,w_480,h_480,c_fit,q_auto,f_auto/9117d15a82fc4d41889e083e295d7de9.jpg"
27,Almox 500 Capsule,80.26,Alkem Laboratories Ltd,strip of 10 capsules,Amoxycillin (500mg),,Treatment of Bacterial infections,,"Rash, Vomiting, Allergic reaction, Nausea, Diarrhea","https://onemg.gumlet.io/l_watermark_346,w_480,h_480,a_ignore,w_480,h_480,c_fit,q_auto,f_auto/h4y2f030gju0ftmou0t5.jpg"
27,Almox 500 Capsule,80.26,Alkem Laboratories Ltd,strip of 10 capsules,Amoxycillin (500mg),,Treatment of Bacterial infections,,"Rash, Vomiting, Allergic reaction, Nausea, Diarrhea","https://onemg.gumlet.io/l_watermark_346,w_480,h_480,a_ignore,w_480,h_480,c_fit,q_auto,f_auto/h4y2f030gju0ftmou0t5.jpg"
28,Atarax 10mg Tablet,47.91,Dr Reddy's Laboratories Ltd,strip of 15 tablets,Hydroxyzine (10mg),,Treatment of Anxiety,Treatment of Skin conditions with inflammation & itching,"Sedation, Nausea, Vomiting, Upset stomach, Constipation","https://onemg.gumlet.io/l_watermark_346,w_480,h_480,a_ignore,w_480,h_480,c_fit,q_auto,f_auto/78d80a6bca96417f83c6d38c5c140c0b.jpg"
30,Aldactone Tablet,35.35,RPG Life Sciences Ltd,strip of 15 tablets,Spironolactone (25mg),,Hypertension (high blood pressure),Edema,"Nausea, Vomiting, Leg cramps, Dizziness, Drowsiness, Confusion, Breast enlargement in male, Increased creatinine level in blood","https://onemg.gumlet.io/l_watermark_346,w_480,h_480,a_ignore,w_480,h_480,c_fit,q_auto,f_auto/cropped/thkgrdicoq6adxgpwu2e.jpg"
31,Allegra Suspension Raspberry & Vanilla,188.78,Sanofi India  Ltd,bottle of 100 ml Oral Suspension,Fexofenadine (30mg/5ml),,Treatment of Sneezing and runny nose due to allergies,Treatment of Allergic conditions,"Headache, Drowsiness, Dizziness, Nausea","https://onemg.gumlet.io/l_watermark_346,w_480,h_480,a_ignore,w_480,h_480,c_fit,q_auto,f_auto/9ddf89aa480145c6830f45e48626336d.jpg"
32,Atarax Syrup,110.25,Dr Reddy's Laboratories Ltd,bottle of 100 ml Syrup,Hydroxyzine (10mg),,Treatment of Anxiety,Treatment of Skin conditions with inflammation & itching,"Sedation, Nausea, Vomiting, Upset stomach, Constipation","https://onemg.gumlet.io/l_watermark_346,w_480,h_480,a_ignore,w_480,h_480,c_fit,q_auto,f_auto/cropped/ktaklgpxpq94qk1tfffg.jpg"
38,Alfoo 10mg Tablet PR,687.75,Dr Reddy's Laboratories Ltd,strip of 30 Tablet pr,Alfuzosin (10mg),,Treatment of Benign prostatic hyperplasia,,"Upper respiratory tract infection, Dizziness, Headache, Nausea, Abdominal pain, Impotence","https://onemg.gumlet.io/l_watermark_346,w_480,h_480,a_ignore,w_480,h_480,c_fit,q_auto,f_auto/cropped/a34pbmqti99hu1y1zz5r.jpg"
40,Arachitol 6L Injection,407.76,Abbott,packet of 6 injections,Vitamin D3 (600000IU),,Treatment of Vitamin D deficiency,Treatment of Osteoporosis,"Injection site reactions (pain, swelling, redness), Weakness, Muscle pain, Metallic taste","https://onemg.gumlet.io/l_watermark_346,w_480,h_480,a_ignore,w_480,h_480,c_fit,q_auto,f_auto/485c7b62664a44fd984080ee0ee15906.jpg"
41,Anafortan 25 mg/300 mg Tablet,124.56,Abbott,strip of 15 tablets,Camylofin (25mg),Paracetamol (300mg),Treatment of Abdominal pain,,"Dryness in mouth, Constipation, Blurred vision, Increased heart rate","https://onemg.gumlet.io/l_watermark_346,w_480,h_480,a_ignore,w_480,h_480,c_fit,q_auto,f_auto/4424607f37424d51b2aac2c9d8b18ecd.jpg"
42,Alex Junior Syrup,95,Glenmark Pharmaceuticals Ltd,bottle of 60 ml Syrup,Chlorpheniramine Maleate (2mg/5ml),Dextromethorphan Hydrobromide (5mg/5ml),Treatment of Dry cough,,"Upset stomach, Sleepiness","https://onemg.gumlet.io/l_watermark_346,w_480,h_480,a_ignore,w_480,h_480,c_fit,q_auto,f_auto/cropped/ljalzjzxyy64yutmr3tw.jpg"
43,Azithral 200 Liquid,57.25,Alembic Pharmaceuticals Ltd,bottle of 15 ml Oral Suspension,Azithromycin (200mg/5ml),,Treatment of Bacterial infections,,"Vomiting, Nausea, Abdominal pain, Diarrhea","https://onemg.gumlet.io/l_watermark_346,w_480,h_480,a_ignore,w_480,h_480,c_fit,q_auto,f_auto/cropped/mbdxk2kboh3llijyaao2.jpg"
45,Althrocin 500 Tablet,110.3,Alembic Pharmaceuticals Ltd,strip of 10 tablets,Erythromycin (500mg),,Treatment of Bacterial infections,,"Vomiting, Nausea, Abdominal pain, Diarrhea","https://onemg.gumlet.io/l_watermark_346,w_480,h_480,a_ignore,w_480,h_480,c_fit,q_auto,f_auto/cropped/suqhdntiejebthfbdpy0.jpg"
46,Augmentin DDS Suspension,173,Glaxo SmithKline Pharmaceuticals Ltd,bottle of 30 ml Oral Suspension,Amoxycillin  (400mg/5ml),Clavulanic Acid (57mg/5ml),Treatment of Resistant Tuberculosis (TB),Treatment of Bacterial infections,"Nausea, Vomiting, Abdominal pain, Diarrhea, Allergy, Skin rash","https://onemg.gumlet.io/l_watermark_346,w_480,h_480,a_ignore,w_480,h_480,c_fit,q_auto,f_auto/cropped/kafbzrabyoihauyvnig4.jpg"
47,Azicip 500 Tablet,79.43,Cipla Ltd,strip of 3 tablets,Azithromycin (500mg),,Treatment of Bacterial infections,,"Vomiting, Nausea, Abdominal pain, Diarrhea","https://onemg.gumlet.io/l_watermark_346,w_480,h_480,a_ignore,w_480,h_480,c_fit,q_auto,f_auto/dwqhqfos0hlzsltrwraf.jpg"
48,Aldigesic-SP Tablet,120,Alkem Laboratories Ltd,strip of 10 tablets,Aceclofenac (100mg),Paracetamol (325mg),Pain relief,,"Nausea, Vomiting, Stomach pain, Indigestion, Heartburn, Loss of appetite, Diarrhea","https://onemg.gumlet.io/l_watermark_346,w_480,h_480,a_ignore,w_480,h_480,c_fit,q_auto,f_auto/86cc6259fcc8462f876cdeb85d9aa87d.jpg"
51,Acemiz Plus Tablet,99.5,Lupin Ltd,strip of 10 tablets,Aceclofenac (100mg),Paracetamol (325mg),Pain relief,,"Nausea, Vomiting, Stomach pain/epigastric pain, Loss of appetite, Heartburn, Diarrhea","https://onemg.gumlet.io/l_watermark_346,w_480,h_480,a_ignore,w_480,h_480,c_fit,q_auto,f_auto/m7bioz7rvmxcfshqu3iz.jpg"
52,Aceclo Plus Tablet,90.85,Aristo Pharmaceuticals Pvt Ltd,strip of 15 tablets,Aceclofenac (100mg),Paracetamol (325mg),Pain relief,,"Nausea, Vomiting, Stomach pain/epigastric pain, Loss of appetite, Heartburn, Diarrhea","https://onemg.gumlet.io/l_watermark_346,w_480,h_480,a_ignore,w_480,h_480,c_fit,q_auto,f_auto/cropped/qdjkuq9eipidsadmcosn.jpg"
53,Anobliss Cream,136.68,Samarth Life Sciences Pvt Ltd,tube of 30 gm Rectal Cream,Lidocaine (1.5% w/w),Nifedipine (0.3% w/w),Treatment of Anal fissure,,Anal irritation,"https://onemg.gumlet.io/l_watermark_346,w_480,h_480,a_ignore,w_480,h_480,c_fit,q_auto,f_auto/612a8de029ee416ab320d109d19d2293.jpg"
56,Avil Injection,21.17,Sanofi India  Ltd,vial of 10 ml Injection,Pheniramine (22.75mg),,Treatment of Allergic conditions,,"Sleepiness, Dryness in mouth","https://onemg.gumlet.io/l_watermark_346,w_480,h_480,a_ignore,w_480,h_480,c_fit,q_auto,f_auto/cropped/n2al1qoxuxtzshwgwbt0.jpg"
64,AF Kit Tablet,110,Systopic Laboratories Pvt Ltd,strip of 4 tablets,Azithromycin (1000mg),Ornidazole (750mg),Treatment of Syndromic treatment of vaginal discharge,,"Taste change, Vomiting, Headache, Dizziness, Stomach pain, Nausea, Indigestion, Diarrhea, Loss of appetite","https://onemg.gumlet.io/l_watermark_346,w_480,h_480,a_ignore,w_480,h_480,c_fit,q_auto,f_auto/cropped/hfobjftgqrervreplh6u.jpg"
73,Aquasol A Capsule,29.6,USV Ltd,bottle of 30 capsules,Vitamin A (25000IU),,Treatment of Vitamin A deficiency,,No common side effects seen,"https://onemg.gumlet.io/l_watermark_346,w_480,h_480,a_ignore,w_480,h_480,c_fit,q_auto,f_auto/cropped/mytnmvyspijambekkody.jpg"
91,Aptimust Syrup,129.9,Mankind Pharma Ltd,bottle of 200 ml Syrup,Cyproheptadine (2mg/5ml),Tricholine Citrate (275mg/5ml),Appetite stimulant,,"Constipation, Dryness in mouth, Drowsiness, Sleepiness, Blurred vision","https://onemg.gumlet.io/l_watermark_346,w_480,h_480,a_ignore,w_480,h_480,c_fit,q_auto,f_auto/cropped/uhilkoau5xmywwkw1ekx.jpg"
114,Avil Injection,5.66,Sanofi India  Ltd,vial of 2 ml Injection,Pheniramine (22.75mg),,Treatment of Allergic conditions,,"Sleepiness, Dryness in mouth","https://onemg.gumlet.io/l_watermark_346,w_480,h_480,a_ignore,w_480,h_480,c_fit,q_auto,f_auto/cropped/n2al1qoxuxtzshwgwbt0.jpg"
166,Andre I-Kul Eye Drop,73.5,Intas Pharmaceuticals Ltd,packet of 10 ml Eye Drop,Camphor (0.01% w/v),Menthol (0.005% w/v),Treatment of Allergic eye disease,,"Eye pain, Eye irritation, Stinging in the eyes, Blurred vision, Photophobia","https://onemg.gumlet.io/l_watermark_346,w_480,h_480,a_ignore,w_480,h_480,c_fit,q_auto,f_auto/0d82813d035349cea0c99da3fd52469d.jpg"
275,Azee 500 Tablet,79.43,Cipla Ltd,strip of 3 tablets,Azithromycin (500mg),,Treatment of Bacterial infections,,"Vomiting, Nausea, Abdominal pain, Diarrhea","https://onemg.gumlet.io/l_watermark_346,w_480,h_480,a_ignore,w_480,h_480,c_fit,q_auto,f_auto/cropped/jbpnjvst3ph0xnrq199o.jpg"
332,Aricep 5 Tablet,138,Eisai Pharmaceuticals India Pvt Ltd,strip of 10 tablets,Donepezil (5mg),,Alzheimer's disease,,"Nausea, Diarrhea, Insomnia (difficulty in sleeping), Vomiting, Muscle cramp, Fatigue, Weight loss","https://onemg.gumlet.io/l_watermark_346,w_480,h_480/a_ignore,w_480,h_480,c_fit,q_auto,f_auto/d7ojjdaw2gsm5sie1glu.jpg"
561,Armotraz Tablet,691.77,Cipla Ltd,strip of 10 tablets,Anastrozole (1mg),,Breast cancer,,"Hot flashes, Nausea, Osteoporosis, Skin rash, Weakness","https://onemg.gumlet.io/l_watermark_346,w_480,h_480/a_ignore,w_480,h_480,c_fit,q_auto,f_auto/cropped/sytnbc3dtkhxddk5smxs.jpg"
581,Asthakind-DX Syrup Sugar Free,95.7,Mankind Pharma Ltd,bottle of 100 ml Syrup,Phenylephrine (5mg/5ml),Chlorpheniramine Maleate (2mg/5ml),Treatment of Dry cough,,"Nausea, Vomiting, Loss of appetite, Headache","https://onemg.gumlet.io/l_watermark_346,w_480,h_480,a_ignore,w_480,h_480,c_fit,q_auto,f_auto/769827d9bf334847a74374b4af97921a.jpg"
713,Allegra 120mg Tablet,150,Sanofi India  Ltd,strip of 6 tablets,Fexofenadine (120mg),,Treatment of Sneezing and runny nose due to allergies,Treatment of Allergic conditions,"Headache, Drowsiness, Dizziness, Nausea","https://onemg.gumlet.io/l_watermark_346,w_480,h_480/a_ignore,w_480,h_480,c_fit,q_auto,f_auto/fa7427131ec64163b5bbafb529df0736.jpg"
713,Allegra 120mg Tablet,150,Sanofi India  Ltd,strip of 6 tablets,Fexofenadine (120mg),,Treatment of Sneezing and runny nose due to allergies,Treatment of Allergic conditions,"Headache, Drowsiness, Dizziness, Nausea","https://onemg.gumlet.io/l_watermark_346,w_480,h_480/a_ignore,w_480,h_480,c_fit,q_auto,f_auto/fa7427131ec64163b5bbafb529df0736.jpg"
769,Aricep 10 Tablet,197,Eisai Pharmaceuticals India Pvt Ltd,strip of 10 tablets,Donepezil (10mg),,Alzheimer's disease,,"Nausea, Diarrhea, Insomnia (difficulty in sleeping), Vomiting, Muscle cramp, Fatigue, Weight loss","https://onemg.gumlet.io/l_watermark_346,w_480,h_480,a_ignore,w_480,h_480,c_fit,q_auto,f_auto/fgnxl4znhmpzu2r0mals.jpg"