id,name,price(₹),manufacturer_name,pack_size_label,short_composition1,short_composition2,use0,use1,Consolidated_Side_Effects
1,Augmentin 625 Duo Tablet,223.42,Glaxo SmithKline Pharmaceuticals Ltd,strip of 10 tablets,Amoxycillin  (500mg),Clavulanic Acid (125mg),Treatment of Bacterial infections,,"Vomiting, Nausea, Diarrhea"
2,Azithral 500 Tablet,132.36,Alembic Pharmaceuticals Ltd,strip of 5 tablets,Azithromycin (500mg),,Treatment of Bacterial infections,,"Vomiting, Nausea, Abdominal pain, Diarrhea"
3,Ascoril LS Syrup,118,Glenmark Pharmaceuticals Ltd,bottle of 100 ml Syrup,Ambroxol (30mg/5ml),Levosalbutamol (1mg/5ml),Treatment of Cough with mucus,,"Nausea, Vomiting, Diarrhea, Upset stomach, Stomach pain, Allergic reaction, Dizziness, Headache, Rash, Hives, Tremors, Palpitations, Muscle cramp, Increased heart rate"
4,Allegra 120mg Tablet,218.81,Sanofi India  Ltd,strip of 10 tablets,Fexofenadine (120mg),,Treatment of Sneezing and runny nose due to allergies,Treatment of Allergic conditions,"Headache, Drowsiness, Dizziness, Nausea"
4,Allegra 120mg Tablet,218.81,Sanofi India  Ltd,strip of 10 tablets,Fexofenadine (120mg),,Treatment of Sneezing and runny nose due to allergies,Treatment of Allergic conditions,"Headache, Drowsiness, Dizziness, Nausea"
5,Avil 25 Tablet,10.96,Sanofi India  Ltd,strip of 15 tablets,Pheniramine (25mg),,Treatment of Allergic conditions,,"Sleepiness, Dryness in mouth"
6,Allegra-M Tablet,241.48,Sanofi India  Ltd,strip of 10 tablets,Montelukast (10mg),Fexofenadine (120mg),Treatment of Sneezing and runny nose due to allergies,,"Nausea, Diarrhea, Vomiting, Skin rash, Flu-like symptoms, Headache, Drowsiness, Dizziness"
7,Amoxyclav 625 Tablet,223.27,Abbott,strip of 10 tablets,Amoxycillin  (500mg),Clavulanic Acid (125mg),Treatment of Bacterial infections,,"Vomiting, Nausea, Diarrhea"
8,Azee 500 Tablet,132.38,Cipla Ltd,strip of 5 tablets,Azithromycin (500mg),,Treatment of Bacterial infections,,"Vomiting, Nausea, Abdominal pain, Diarrhea"
9,Atarax 25mg Tablet,85.5,Dr Reddy's Laboratories Ltd,strip of 15 tablets,Hydroxyzine (25mg),,Treatment of Anxiety,Treatment of Skin conditions with inflammation & itching,"Sedation, Nausea, Vomiting, Upset stomach, Constipation"
10,Ascoril D Plus Syrup Sugar Free,129,Glenmark Pharmaceuticals Ltd,bottle of 100 ml Syrup,Phenylephrine (5mg),Chlorpheniramine Maleate (2mg),Treatment of Dry cough,,"Nausea, Vomiting, Loss of appetite, Headache"
11,Aciloc 150 Tablet,40.94,Cadila Pharmaceuticals Ltd,strip of 30 tablets,Ranitidine (150mg),,Treatment of Gastroesophageal reflux disease (Acid reflux),Treatment of Peptic ulcer disease,"Headache, Diarrhea, Gastrointestinal disturbance"
12,Alex Syrup,129,Glenmark Pharmaceuticals Ltd,bottle of 100 ml Syrup,Phenylephrine (5mg/5ml),Chlorpheniramine Maleate (2mg/5ml),Treatment of Dry cough,,"Nausea, Vomiting, Loss of appetite, Headache"
13,Anovate Cream,134.2,USV Ltd,tube of 20 gm Cream,Phenylephrine (0.10% w/w),Beclometasone (0.025% w/w),Treatment of Piles,,"Application site reactions (burning, irritation, itching and redness)"
14,Augmentin Duo Oral Suspension,67.2,Glaxo SmithKline Pharmaceuticals Ltd,bottle of 30 ml Oral Suspension,Amoxycillin  (200mg),Clavulanic Acid (28.5mg),Treatment of Resistance Tuberculosis (TB),Treatment of Bacterial infections,"Nausea, Vomiting, Abdominal pain, Diarrhea, Allergy, Skin rash"
15,Ambrodil-S Syrup,30.2,Aristo Pharmaceuticals Pvt Ltd,bottle of 100 ml Syrup,Ambroxol (15mg/5ml),Salbutamol (1mg/5ml),Treatment of Cough,,"Headache, Palpitations, Upset stomach, Tremors, Muscle cramp, Allergic reaction, Increased heart rate"
16,Arkamin Tablet,72.65,Torrent Pharmaceuticals Ltd,strip of 30 tablets,Clonidine (100mcg),,Treatment of Hypertension (high blood pressure),,"Dizziness, Dryness in mouth, Headache, Nausea, Fatigue, Orthostatic hypotension (sudden lowering of blood pressure on standing), Erectile dysfunction, Enlarged salivary gland"
17,Avomine Tablet,55.98,Abbott,strip of 10 tablets,Promethazine (25mg),,Treatment of Nausea,Treatment of Vomiting,Unusual production of breast milk in women and men
18,Asthakind-DX Syrup Sugar Free,70.4,Mankind Pharma Ltd,bottle of 60 ml Syrup,Phenylephrine (5mg/5ml),Chlorpheniramine Maleate (2mg/5ml),Treatment of Dry cough,,"Nausea, Vomiting, Loss of appetite, Headache"
19,Allegra 180mg Tablet,251.2,Sanofi India  Ltd,strip of 10 tablets,Fexofenadine (180mg),,Treatment of Sneezing and runny nose due to allergies,Treatment of Allergic conditions,"Headache, Drowsiness, Dizziness, Nausea"
20,Albendazole 400mg Tablet,9.58,Cadila Pharmaceuticals Ltd,strip of 1 Tablet,Albendazole (400mg),,Treatment of Parasitic infections,,"Vomiting, Dizziness, Increased liver enzymes, Nausea, Loss of appetite"
21,Asthalin Syrup,19.04,Cipla Ltd,bottle of 100 ml Syrup,Salbutamol (2mg/5ml),,Treatment of Chronic obstructive pulmonary disease (COPD),,"Tremors, Headache, Palpitations, Increased heart rate, Muscle cramp"
22,Alprax 0.25 Tablet,29,Torrent Pharmaceuticals Ltd,strip of 15 tablets,Alprazolam (0.25mg),,Treatment of Anxiety,Treatment of Panic disorder,"Lightheadedness, Drowsiness"